{
  "Name": "weirdVERB",
  "Version": "0.1.0",
  "Factory Info": {
    "Vendor": "MD",
    "URL": "https://example.com",
    "E-Mail": "none@example.com",
    "Flags": {
      "Unicode": true,
      "Classes Discardable": false,
      "Component Non Discardable": false,
    },
  },
  "Classes": [
    {
      "CID": "ABCDEF019182FAEB4D64565357765262",
      "Category": "Audio Module Class",
      "Name": "weirdVERB",
      "Vendor": "MD",
      "Version": "0.1.0",
      "SDKVersion": "VST 3.8.0",
      "Sub Categories": [
        "Fx",
      ],
      "Class Flags": 0,
      "Cardinality": 2147483647,
      "Snapshots": [
      ],
    },
    {
      "CID": "ABCDEF011234ABCD4D64565357765262",
      "Category": "Component Controller Class",
      "Name": "weirdVERB",
      "Vendor": "MD",
      "Version": "0.1.0",
      "SDKVersion": "VST 3.8.0",
      "Sub Categories": [
        "Fx",
      ],
      "Class Flags": 0,
      "Cardinality": 2147483647,
      "Snapshots": [
      ],
    },
  ],
}
